patient_id,full_name,gender,date_of_birth,phone,email,national_id,city,primary_hospital_id,last_updated
P002197,Kunal Gowda,M,1979-05-16,96985-2950,kunal.gowda83@example.com,745923018779,Chennai,H05,2026-01-03 08:23:48
P002057,Rahul Rao,M,1983-09-22,701105889,rahul.rao87@example.com,899512931405,Chennai,H05,2026-01-03 09:31:41
P000464,Harsh Pillai,Male,1959-06-05,644 364 7694,harsh.pillai164@mail.example.com,398379867966,Chandigarh ,H06,2026-01-03 04:56:23
P003558,Komal Gowda,FEMALE,29-Dec-1936,87781-91087,komal.gowda450@example.com,960758601741,Chennai,H05,2026-01-03 03:19:14
P004345,Aarti Verma,F,1967-12-19,+91-9931246999,,737651410098,Delhi,H03,2026-01-03 04:14:22
P003600,Jyoti Desai,F,19-Aug-2015,06185281303,jyoti.desai139@,950632342656,Bengaluru,H03,2026-01-03 04:31:26
P004265,Varun Naik,M,1966-10-04,0705247338,varun.naik285@example.com,854605239529,Pune,H01,2026-01-03 01:25:22
P004331,Priya Shah,Female,30-Jul-1995,626 739 8587,priya.shah235@example.net,774723147195,Mumbai,H02,2026-01-03 21:54:03
P000538,Gaurav Kulkarni,M,1975-09-11,78083-07945,gaurav.kulkarni201@example.org,208959401773,Chandigarh,H04,2026-01-03 04:22:08
P000349,Rekha Kulkarni,female,17/04/1939,897 791 8664,rekha.kulkarni77@mail.example.com,325941541223,Chandigarh,H06,2026-01-03 20:07:27
P001262,Anil Singh,M,08/08/1942,955 243 5202,anil.singh604@example.org,566253977474,CHENNAI,H01,2026-01-03 19:59:19
P001224,Aditya Joshi,male,1993-08-20,75057-54725,aditya.joshi360@example.net,762687118245,Chandigarh,H02,2026-01-03 05:37:52
P004208,Pranav Bhatt,M,1993-07-12,+91 81247 09203,pranav.bhatt943@example.net,772269553430,Delhi,H03,2026-01-03 22:42:58
P004313,Swati Chopra,F,1960-08-22,77153-10743,swati.chopra295.mail.example.com,445871580018,DELHI,H03,2026-01-03 20:53:08
P004281,Neha Desai,F,1960-08-30,09526285367,neha.desai292@example.com,967349066680,Pune,H01,2026-01-03 08:42:19
P004227,Neha Jain,F,2007-08-01,741 039 3844,neha.jain708@mail.example.com,648087897042,Bengaluru,H06,2026-01-03 08:24:05
P004197,Manish Mishra,Other,2015-12-04,937 415 2086,manish.mishra979@example.org,888763173637,Bengaluru,H06,2026-01-03 13:07:41
P002057,  Rahul Rao ,Male,1983-09-22,877 251 7899,rahul.rao87@example.com,899512931405,Chennai,H05,2026-01-03 20:16:55
P004320,Varun Naik,M,1997-10-17,+91 89123 56204,varun.naik381@example.com,374551854680,Pune,H01,2026-01-03 20:10:15
P004225,Sunita Gupta,F,05-Jun-1965,61311-19296,sunita.gupta194@example.org,512001634094,New Delhi,H03,2026-01-03 15:15:22
P004218,Yash Mehta,Male,17-Sep-1950,885 713 3244,yash.mehta534@example.net,933640758816,mumbai,H02,2026-01-03 02:29:48
P003647,Harsh Kapoor,M,1970-03-15,657 819 6980,harsh.kapoor971@example.net,802688294577,Pune,H06,2026-01-03 12:50:46
P001169,Isha Deshmukh,F,1996-06-27,+91-6691972190,isha.deshmukh801@example.org,577913307904,Chandigarh ,H06,2026-01-03 04:27:26
P004384,Sandeep Thakur,M,26/07/1971,799 566 0751,sandeep.thakur332@example.com,455617308141,Madras,H05,2026-01-03 20:38:24
P004377,Shweta Naik,F,20/10/1935,965488273,shweta.naik426@example.com,793515450052,Chennai,H05,2026-01-03 17:16:19
P004324,Komal Mehta,FEMALE,1946-06-27,+91-9147654715,komal.mehta576@example.org,770091141167,delhi,H03,2026-01-03 02:30:12
P002578,Nisha Agarwal,F,1983-02-10,940 883 2255,nisha.agarwal977@mail.example.com,819653061388,Delhi,H06,2026-01-03 05:09:58
P000912,Pranav Gowda,male,16-Mar-1954,702 179 9242,pranav.gowda280@mail.example.com,228388866585,Pune,H01,2026-01-03 12:40:58
P002631,Divya Patil,f,1952-06-03,975 920 3814,divya.patil659@example.org,483218763705,Pune,H01,2026-01-03 22:57:19
P001393,Jyoti Thakur,F,1996-05-03,08729892306,jyoti.thakur195@example.com,772957435993,New Delhi,H02,2026-01-03 20:29:13
P004294,  Kavita Mishra ,F,15/07/1983,649 864 9442,kavita.mishra892@example.org,684940881009,Bengaluru,H02,2026-01-03 17:31:32
P004277,Prakash Kapoor,MALE,16/03/1969,823 931 4230,,954688263874,Pune,H01,2026-01-03 13:32:58
P002432,Anil Gupta,male,1963-09-15,09825375509,,780110001057,Bombay,H02,2026-01-03 02:13:49
P003099,Anjali Rao,F,17/02/2005,09437142967,anjali.rao355@mail.example.com,309962620570,Bengaluru,H02,2026-01-03 15:50:44
P001205,Nikhil Kapoor,M,1977-08-27,6904605961,nikhil.kapoor535@mail.example.com,704458524016,Pune,H02,2026-01-03 05:20:57
P001100,Meera Desai,F,19/01/2006,07733664325,meera.desai857@example.org,903840534708,Mumbai,H02,2026-01-03 02:42:32
P003167,Jyoti Agarwal,FEMALE,2016-07-13,96588-54659,jyoti.agarwal433@example.org,565619798334,Bengaluru,H03,2026-01-03 17:39:15
P004316,Komal Verma,F,1962-10-07,75115-97946,komal.verma930@example.net,380222724833,Pune,H01,2026-01-03 16:28:09
P004207,Tanvi Naik,F,23/12/1980,08237590028,tanvi.naik208@mail.example.com,870008118377,CHENNAI,H05,2026-01-03 14:55:27
P004012,Siddharth Pillai,M,17-Nov-2010,822 955 3357,siddharth.pillai21@mail.example.com,423988387336,Chandigarh,H05,2026-01-03 07:16:10
P004387,Gaurav Pandey,MALE,1986-04-22,+91-6537613807,gaurav.pandey21@example.com,553182501179,Madras,H05,2026-01-03 13:53:50
P004182,Shruti Reddy,FEMALE,1998-04-02,984 240 1078,shruti.reddy910@,416003692083,Chandigarh,H03,2026-01-03 20:31:24
P000297,Bhavna Kulkarni,F,1997-09-04,661 637 2745,bhavna.kulkarni440@example.org,630464058646,Pune,H01,2026-01-03 10:43:32
P004254,Tushar Thakur,M,1975-12-06,6401926460,tushar.thakur923@example.org,323504614678,Delhi,H03,2026-01-03 10:47:23
P004302,Ananya Verma,F,11-Aug-1938,6471811007,ananya.verma99@example.com,326444167824,delhi,H03,2026-01-03 08:23:16
P002923,Siddharth Gowda,m,1998-05-05,+91-9429759904,siddharth.gowda860@mail.example.com,441954097748,Pune,H02,2026-01-03 04:31:16
P003334,Karan Agarwal,M,13/11/2023,7155641884,karan.agarwal425@example.net,231691655753,PUNE ,H05,2026-01-03 22:04:04
P000538,Gaurav Kulkarni,M,1975-09-11,78083-07945,gaurav.kulkarni201@example.org,208959401773,Chandigarh,H04,2026-01-03 04:22:08
P004336,Prakash Deshmukh,male,27/08/1995,853 037 7192,prakash.deshmukh872@mail.example.com,201460094690,Pune,H01,2026-01-03 02:36:55
P004264,Yash Gowda,male,04/11/1946,+91-8266134000,yash.gowda494@example.org,516072757060,CHANDIGARH,H04,2026-01-03 22:39:07
P000643,Swati Kapoor,F,1999-04-18,64150-61723,swati.kapoor224@example.net,490529095339,Pune,H06,2026-01-03 13:13:51
P003384,Shruti Agarwal,FEMALE,12/08/1937,07023686248,shruti.agarwal244@example.org,912178450485,Pune,H01,2026-01-03 20:01:57
P004378,Gaurav Bhatt,M,28-Jan-1964,+91-9395398585,gaurav.bhatt840@mail.example.com,240990386959,Chandigarh,H04,2026-01-03 02:15:34
P004245,Ritu Malhotra,f,2006-02-24,+91-8133710792,ritu.malhotra251@example.com,490423119746,Chennai,H05,2026-01-03 15:41:01
P004308,Harsh Joshi,O,1951-07-30,08165478380,harsh.joshi847@mail.example.com,809427348750,bengaluru,H02,2026-01-03 03:12:42
P004242,Priya Yadav,F,1975-08-18,913 931 8821,priya.yadav885@mail.example.com,514648751088,New Delhi,H02,2026-01-03 13:00:05
P004378,Gaurav Bhatt,M,28-Jan-1964,+91-9395398585,gaurav.bhatt840@mail.example.com,240990386959,Chandigarh,H04,2026-01-03 02:15:34
P004271,Pooja Kulkarni,F,06/05/1976,+91 70051 20652,pooja.kulkarni878@mail.example.com,426234427002,Mumbai,H03,2026-01-03 15:56:45
P004358,Bhavna Mehta,F,28-Mar-1963,72242-86115,bhavna.mehta595@example.org,946520558257,Delhi,H03,2026-01-03 04:28:38
P004385,Deepak Rao,M,24/02/1964,+91-7667115301,deepak.rao432@example.com,718766665023,Mumbai,H02,2026-01-03 06:45:12
P004243,  Ananya Jain ,F,10/04/2002,9977082049,ananya.jain846@example.org,906870121328,Mumbai,H02,2026-01-03 10:55:48
P004238,Nisha Joshi,FEMALE,03/04/1994,09837971230,nisha.joshi585.example.com,937396077388,Bangalore,H03,2026-01-03 11:32:40
P004307,Rahul Menon,M,1999-12-20,786 007 8433,rahul.menon825@example.org,721021872758,Chennai,H05,2026-01-03 20:15:39
P002546,Meera Shah,FEMALE,1993-01-14,7512981277,,924734524158,Chennai,H06,2026-01-03 20:47:44
P004332,Jyoti Mehta,Female,19/12/1990,90221-07452,jyoti.mehta860@example.org,844939883549,CHENNAI,H05,2026-01-03 15:08:56
P004356,  Rohan Mehta ,M,1972-06-10,768 676 0098,,295188559459,Madras,H05,2026-01-03 08:04:33
P002911,Shruti Nair,F,2011-04-07,9625016951,shruti.nair104@example.org,909684147528,Mumbai,H06,2026-01-03 10:08:54
P004360,Siddharth Singh,m,2015-07-20,99211-08591,siddharth.singh947@example.org,992142526553,Pune,H01,2026-01-03 07:55:58
P000344,Swati Mishra,F,1985-02-01,+91 63276 60410,,458084171929,Delhi,H03,2026-01-03 08:41:54
P004309,Rekha Chopra,f,02/04/1937,62263-01466,rekha chopra500@example.org,273056810444,New Delhi,H03,2026-01-03 08:04:47
P004216,Anil Joshi,MALE,1959-09-21,07017671945,anil.joshi35@example.com,272050216332,Bengaluru,H06,2026-01-03 08:36:52
P002613,Rohan Bose,M,1956-10-07,+91-7180473610,rohan.bose177@example.net,400114647421,pune,H01,2026-01-03 19:14:17
P004337,Jyoti Naik,F,1999-05-19,0852123263,jyoti.naik730@example.net,879521101925,chennai,H05,2026-01-03 20:42:26
P000826,Swati Kulkarni,,1945-10-17,+91 88576 41513,swati.kulkarni443@example.net,269669632733,Delhi,H06,2026-01-03 06:31:48
P003814,  Shruti Malhotra ,F,12-Feb-2005,702 567 3564,shruti.malhotra783@mail.example.com,814030422458,mumbai,H03,2026-01-03 21:21:34
P004376,Karan Mishra,male,2012-10-20,+91-7704388928,karan.mishra529@example.com,205552348889,Mumbai,H02,2026-01-03 14:19:32
P000732,Tushar Agarwal,M,1937-12-12,6185010156,tushar.agarwal268@example.net,934866894365,Pune,H01,2026-01-03 17:00:01
P002454,Kavita Nair,female,1969-04-22,697 643 4603,kavita.nair923@example.net,402137275247,Bengaluru,H03,2026-01-03 03:14:29
P000023,Anil Menon,M,07/08/1980,85386-73422,anil.menon475@example.net,910200388807,Pune,H01,2026-01-03 19:35:07
P003760,Komal Chopra,Other,28/08/1943,7628466676,komal.chopra548@example.net,859834410101,CHANDIGARH,H04,2026-01-03 08:57:43
P004399,Shweta Mehta,female,25-Jun-1935,67786-92528,shweta.mehta510@example.com,444319447525,chandigarh,H04,2026-01-03 02:04:41
P001149,Tushar Mishra,MALE,1940-07-12,686 228 9725,tushar.mishra876@example.net,726413401944,Bengaluru,H02,2026-01-03 18:46:28
P004247,Arjun Sharma,M,29/01/1989,09231742795,arjun.sharma155@example.com,802211129824,Chandigarh,H04,2026-01-03 08:33:16
P004362,Arjun Yadav,M,2022-10-25,+91-6175907414,arjun.yadav168@example.com,779799054861,Pune,H01,2026-01-03 22:06:29
P004260,Sneha Chopra,FEMALE,1957-11-21,+91-8698418128,sneha.chopra142@example.net,613403101370,Bengaluru,H06,2026-01-03 01:35:03
P004232,Divya Pillai,F,24-Nov-2010,8247887620,divya.pillai830@example.net,394845578455,Pune,H01,2026-01-03 20:50:12
P002759,Nikhil Shah,Male,1969-01-14,08109587653,nikhil.shah181@mail.example.com,653442403814,Bengaluru,H06,2026-01-03 03:32:52
P004251,Shweta Iyer,FEMALE,1946-09-03,+91 78737 05662,shweta.iyer356@example.com,883157166084,Bengaluru,H06,2026-01-03 05:52:02
P004234,Anil Sharma,M,1998-09-26,+91-957382468,anil.sharma603@example.net,591103368362,BANGALORE ,H06,2026-01-03 15:32:10
P000812,Anjali Bose,F,1993-04-18,07184116203,anjali.bose732@example.org,775708669261,MUMBAI ,H04,2026-01-03 08:38:54
P004393,Rahul Rao,male,22/03/1990,+91-7341617992,rahul.rao745@example.org,717171775171, Pune,H01,2026-01-03 21:48:13
P004220,Kavita Naik,Female,1972-12-26,7813831427,kavita.naik730@mail.example.com,899228610021,Mumbai,H02,2026-01-03 14:25:39
P001976,  Ritu Bose ,F,1992-03-08,7879539719,ritu.bose879@example.net,834995176535,Mumbai,H02,2026-01-03 09:04:21
P004293,Prakash Malhotra,M,22/01/2001,+91-6094846694,prakash.malhotra693@example.net,544550423187,Bengaluru,H06,2026-01-03 01:12:47
P004228,Sanjay Naik,male,12/11/1991,9675928739,sanjay.naik443@example.org,889215724711,Chennai,H05,2026-01-03 08:39:37
P002724,Harsh Yadav,M,1972-09-30,+91 92967 1530,harsh.yadav422@example.org,926624032857,Mumbai,H06,2026-01-03 20:52:11
P004315,  Tushar Pillai ,M,1988-10-15,9227964355,tushar.pillai442@example.org,855661199184,Pune,H01,2026-01-03 14:45:33
P004286,Nisha Thakur,f,13-Jul-1973,7785378785,nisha.thakur348@example.net,261005108021,Mumbai,H02,2026-01-03 19:06:46
P004333,Tushar Pillai,M,1943-12-20,0909565093,tushar.pillai723@mail.example.com,864017484927,Chennai,H05,2026-01-03 16:54:55
P004328,Deepak Bhatt,M,21-Nov-2006,09259981466,deepak.bhatt579@mail.example.com,585652908546,BANGALORE ,H06,2026-01-03 20:42:52
P003790,Bhavna Kapoor,female,1942-06-04,63900-36036,bhavna.kapoor380@example.com,413573444120,Chandigarh,H05,2026-01-03 15:03:09
P003382,Tushar Malhotra,M,1989-09-05,+91-6005599143,tushar.malhotra907@example.net,481541307644,Pune,H05,2026-01-03 01:42:26
P004365,Sanjay Gowda,M,24-Apr-1965,+91-9316041679,sanjay.gowda619@example.org,411271508233,Bengaluru,H06,2026-01-03 08:01:33
P004261,Meera Reddy,F,2025-05-30,8441908632,meera.reddy948@,543180963502,Delhi,H03,2026-01-03 13:44:22
P004380,Amit Mishra,MALE,10-May-1950,79650-91107,amit.mishra970@example.com,653582366028,Bengaluru,H06,2026-01-03 07:32:38
P004275,Nisha Gowda,,29/03/1982,+91-7881145591,nisha.gowda631@mail.example.com,796911202311,Mumbai,H02,2026-01-03 12:41:19
P004388,Komal Iyer,F,1987-09-30,06655404894,komal.iyer740@example.net,869092534815,Chandigarh ,H04,2026-01-03 13:28:06
P000253,Priya Bose,F,22-Jun-1961,08120370879,priya.bose789@example.org,449028718230,bengaluru,H03,2026-01-03 04:18:49
P001100,  Meera Desai ,F,2006-01-19,773 366 4325,meera.desai857@example.org,903840534708,Delhi,H02,2026-01-03 15:47:16
P004233,Sanjay Deshmukh,m,17-Jan-2000,+91 62550 04899,sanjay.deshmukh435@example.org,406153772209,Delhi,H03,2026-01-03 09:44:57
P004371,Kavita Naik,F,24/05/1958,+91 99469 99675,kavita.naik613@example.com,567269972083,Chandigarh,H04,2026-01-03 09:33:58
P003552,Suresh Jain,M,22-Mar-1989,09402355508,suresh.jain50@example.com,207198461801,pune,H01,2026-01-03 20:24:17
P000785,Komal Iyer,female,11/09/1963,8145505241,komal.iyer396@mail.example.com,836793808996,chandigarh,H04,2026-01-03 09:19:46
P004205,Sunita Bose,F,1996-03-23,08661621423,sunita bose86@example.net,637009563278,MUMBAI ,H02,2026-01-03 03:59:51
P004312,Tanvi Mehta,FEMALE,1996-05-27,834 352 0807,tanvi.mehta999@example.org,300887932851,Delhi,H03,2026-01-03 20:47:41
P004213,  Sneha Malhotra ,F,1968-04-08,+91 77526 71287,sneha.malhotra333@example.net,527848803416,pune,H01,2026-01-03 20:00:35
P004219,Rahul Deshmukh,male,27/08/1970,6278968822,rahul.deshmukh947@example.org,531506033237,mumbai,H02,2026-01-03 18:06:24
P003456,Anjali Verma,female,26-Jun-1942,9698835063,anjali.verma245@example.com,770756661502,Delhi,H01,2026-01-03 21:37:43
P004256,Aarti Kulkarni,FEMALE,1974-01-31,887 212 7808,aarti.kulkarni284@example.com,978688295704,Delhi,H03,2026-01-03 04:14:19
P003547,Mansi Thakur,F,12/01/2005,9637410392,mansi.thakur474@example.org,784561565344,delhi,H03,2026-01-03 06:46:16
P001062,Priya Sharma,FEMALE,2015-11-08,66051-83436,priya.sharma589@mail.example.com,330238538755,Chandigarh,H05,2026-01-03 11:20:23
P004322,Deepak Mishra,MALE,17/08/1979,71826-37049,deepak.mishra848@example.org,656609977696,mumbai,H02,2026-01-03 17:27:53
P000482,Nikhil Mishra,M,1949-09-01,+91 75737 38559,nikhil.mishra434@example.org,321096572420,Pune,H02,2026-01-03 20:31:07
P002028,Yash Bhatt,M,1977-12-05,64494-37831,yash.bhatt885@example.com,881487488245,Pune,H01,2026-01-03 03:37:17
P004391,Rekha Bose,female,08-May-1993,+91 77007 33815,rekha.bose662@example.net,228555300499,Chandigarh,H01,2026-01-03 08:42:34
P000375,Yash Pillai,m,03-Apr-2005,+91-8573947696,yash.pillai160@example.net,424487294668,New Delhi,H03,2026-01-03 20:38:23
P003707,Tanvi Reddy,F,2008-01-11,732 724 6216,tanvi.reddy435@example.org,893116011996,Bengaluru,H06,2026-01-03 19:58:52
P004349,Anil Nair,MALE,21-Sep-1982,+91 82611 81738,anil.nair703@mail.example.com,728639761867,Chennai,H05,2026-01-03 10:09:55
P004347,Neha Bhatt,Female,1994-03-02,09646884051,neha.bhatt268@mail.example.com,347439780908,Delhi,H03,2026-01-03 13:36:33
P001217,Nisha Verma,f,2025-08-26,643 861 3556,nisha.verma778@example.net,493575142563,Delhi,H03,2026-01-03 13:08:34
P004228,Sanjay Naik,male,12/11/1991,9675928739,sanjay.naik443@example.org,889215724711,Chennai,H05,2026-01-03 08:39:37
P000900,Siddharth Desai,M,03/02/2003,+91-9224885990,siddharth.desai44@example.net,693196668803,Delhi,H03,2026-01-03 13:12:01
P003395,Ananya Jain,f,1964-03-02,72490-53632,ananya.jain423@example.org,963340315924,Pune,H01,2026-01-03 10:59:37
P003382,Tushar Malhotra,male,1989-09-05,645 367 6221,tushar.malhotra565@example.net,481541307644,PUNE ,H05,2026-01-03 14:25:37
P002684,Kavita Kapoor,Female,2026-01-01,9596753231,kavita.kapoor370@example.com,261241499393,PUNE ,H05,2026-01-03 06:33:52
P001156,Aarti Yadav,f,14-Aug-1969,+91 77713 58290,aarti.yadav585@mail.example.com,969993471122,CHENNAI,H06,2026-01-03 22:52:57
P002420,Sanjay Deshmukh,male,17-Jul-1993,+91-7410930242,sanjay.deshmukh645@example.com,281724378258,Chandigarh,H06,2026-01-03 22:54:47
P004212,Tanvi Rao,f,30/10/1962,68873-48670,tanvi.rao700@example.com,712353752311,Delhi,H03,2026-01-03 06:59:02
P004225,Sunita Gupta,F,05-Jun-1965,61311-19296,sunita.gupta194@example.org,512001634094,New Delhi,H03,2026-01-03 15:15:22
P001232,Aarti Malhotra,F,30/08/1991,+91-9105136062,aarti.malhotra568@example.com,378540663444,Chandigarh ,H05,2026-01-03 15:39:42
P004296,Sandeep Deshmukh,M,06/05/2023,9415789091,sandeep.deshmukh414@mail.example.com,480430792476,chennai,H05,2026-01-03 08:50:31
P001224,Aditya Joshi,M,20-Aug-1993,+91-7278416110,aditya.joshi229@example.com,762687118245,Chandigarh,H02,2026-01-03 22:00:02
P003362,Kunal Gupta,M,1975-09-21,661 353 9784,kunal.gupta969@mail.example.com,954504880560,Mumbai,H02,2026-01-03 04:13:38
P004383,Sanjay Singh,Male,1962-03-10,+91 83672 12763,,881110109301,Bengaluru,H06,2026-01-03 15:01:38
P004379,Mansi Yadav,f,2023-09-28,+91 95552 46868,mansi.yadav711@example.org,597018891752,Pune,H05,2026-01-03 19:40:52
P004295,Harsh Thakur,M,11/07/2020,+91-9194802659,harsh.thakur765@mail.example.com,252408553746,Bengaluru,H01,2026-01-03 13:08:25
P000833,Rahul Agarwal,M,1968-11-10,7003590377,rahul.agarwal8@mail.example.com,309974140591,Madras,H01,2026-01-03 05:19:05
P004297,Suresh Sharma,male,01/09/1986,7444115230,suresh.sharma415@example.net,984697496500,Mumbai,H02,2026-01-03 21:21:26
P004349,Anil Nair,MALE,21-Sep-1982,+91 82611 81738,anil.nair703@mail.example.com,728639761867,Chennai,H05,2026-01-03 10:09:55
P004250,Sunita Rao,F,1971-07-17,+91 72903 81669,,958681943471,Chennai,H05,2026-01-03 15:24:07
P004278,Meera Naik,F,06/02/1975,623 428 3548,meera.naik705@example.org,650761860248,Mumbai,H02,2026-01-03 09:45:32
P004317,Manish Yadav,M,1965-06-07,76121-66747,manish.yadav491@example.com,938185225988,Pune,H01,2026-01-03 03:17:57
P004206,Vikram Sharma,m,1940-10-08,998 480 4094,vikram.sharma951@example.com,577531751304,New Delhi,H03,2026-01-03 03:34:19
P003438,Sanjay Patil,M,14/07/1940,+91-8683386279,sanjay.patil161.example.org,442735021971,Mumbai,H05,2026-01-03 08:26:13
P002830,Sandeep Singh,m,2009-10-29,06265057788,sandeep.singh835@example.com,549429541251,Bengaluru,H06,2026-01-03 18:59:58
P004321,Sandeep Rao,m,1985-12-07,842 382 8877,sandeep.rao206@example.org,473627284165,chandigarh,H06,2026-01-03 06:59:28
P004262,Aarti Mehta,F,2015-11-16,71326-04344,aarti.mehta81@example.com,728734017609,Mumbai,H05,2026-01-03 08:43:35
P004348,Sanjay Mishra,MALE,1940-01-08,9165893259,sanjay.mishra299@example.org,731408509750,bengaluru,H06,2026-01-03 04:45:34
P004392,Arjun Thakur,MALE,07-May-1955,604 623 1300,arjun.thakur812@mail.example.com,477921947266,Bengaluru,H02,2026-01-03 06:54:50
P003427,Kunal Mishra,M,2003-05-19,8417967560,kunal.mishra574@example.net,763091318682,BANGALORE ,H03,2026-01-03 06:01:33
P004204,Amit Gupta,Male,1972-12-01,68068-55664,amit.gupta78@example.net,958096678029,Mumbai,H02,2026-01-03 20:09:11
P004397,Nikhil Verma,M,1983-02-18,+91-9393824143,nikhil.verma230.example.com,611571737579,Mumbai,H02,2026-01-03 13:43:54
P001020,Priya Menon,FEMALE,05/09/2022,97096-52631,priya.menon963.mail.example.com,711669826161,Pune,H04,2026-01-03 11:17:01
P004394,Tanvi Verma,female,1985-02-25,7683513374,tanvi.verma964@example.org,972389054108,Delhi,H02,2026-01-03 13:24:03
P004281,Neha Desai,F,1960-08-30,09526285367,neha.desai292@example.com,967349066680,Pune,H01,2026-01-03 08:42:19
P004259,Priya Reddy,F,31/08/1963,91785-24733,priya.reddy521@example.net,905767334871,Pune,H01,2026-01-03 08:06:20
P003336,Pooja Shah,F,17-Jan-2023,74852-42948,pooja.shah375@example.net,409824922397,Delhi,H03,2026-01-03 08:32:05
P004285,Mansi Chopra,f,1971-06-18,7832014385,mansi.chopra979@example.net,323456088992,Pune,H01,2026-01-03 16:36:19
P004211,Karan Joshi,Male,02/01/1996,+91-6207317493,karan.joshi482@mail.example.com,776013254674,Delhi,H03,2026-01-03 04:13:34
P004259,Priya Reddy,F,31/08/1963,91785-24733,priya.reddy521@example.net,905767334871,Pune,H01,2026-01-03 08:06:20
P002735,Amit Shah,M,1998-02-19,719714566,amit.shah294@example.org,329006686169,Pune,H01,2026-01-03 04:10:14
P004309,Rekha Chopra,f,02/04/1937,62263-01466,rekha chopra500@example.org,273056810444,New Delhi,H03,2026-01-03 08:04:47
P002290,Amit Verma,M,1992-09-25,615 576 5368,amit.verma204@mail.example.com,764609312257,Delhi,H02,2026-01-03 19:01:59
P004370,Jyoti Kapoor,F,1964-04-23,85713-77835,jyoti.kapoor283@example.net,397620279987,Chandigarh,H04,2026-01-03 11:49:57
P003737,Shruti Menon,F,1935-06-04,07964307736,shruti.menon858@example.org,796123390873,Chennai,H05,2026-01-03 14:45:58
P004329,Shweta Verma,F,26/04/1966,82187-04959,shweta.verma862@example.com,946173586231,PUNE ,H01,2026-01-03 15:12:55
P004291,Divya Patil,F,31/01/1976,08187547722,divya.patil476@mail.example.com,432342620517,Chennai,H05,2026-01-03 19:30:46
P004319,Komal Jain,Female,09-Oct-1936,9396932610,komal.jain844@example.com,851573553013,Chennai,H05,2026-01-03 19:19:05
P004396,Neha Reddy,f,30-Nov-1990,+91-9936070399,neha.reddy176@example.net,486265790248,Delhi,H03,2026-01-03 15:27:58
P001558,Harsh Kapoor,male,1936-06-03,+91-7324753969,harsh.kapoor203@example.com,605647795036,Madras,H05,2026-01-03 14:22:28
P004374,Swati Pillai,f,1995-10-04,+91 95138 82120,swati.pillai687@example.com,756299023458,Mumbai,H02,2026-01-03 04:20:38
P004244,Sunita Gupta,F,1952-12-03,6262598030,sunita.gupta443@mail.example.com,551572624407,Mumbai,H02,2026-01-03 05:21:33
P002690,Shweta Mehta,f,1991-09-04,73745-08737,shweta.mehta821@mail.example.com,956427391922,Bangalore,H03,2026-01-03 15:53:06
P004304,Nikhil Yadav,Male,1978-05-30,727 209 0719,nikhil.yadav536@example.org,804053052369,Pune,H01,2026-01-03 13:32:15
P004226,Anjali Deshmukh,F,1963-12-24,9136526682,,672514779789,New Delhi,H03,2026-01-03 20:57:34
P002104,Arjun Iyer,M,20/02/1974,693 149 1758,arjun.iyer220@example.com,251603104000,Chandigarh,H04,2026-01-03 04:00:39
P002732,Pallavi Kulkarni,female,1961-09-25,+91-7663195286,pallavi.kulkarni163@,897401679737,Delhi,H02,2026-01-03 12:44:20
P002668,Deepak Thakur,male,1980-09-25,99172-19467,deepak.thakur517@example.org,831002210013, Pune,H02,2026-01-03 19:18:24
P004318,Komal Shah,F,1972-11-10,+91 90399 79337,komal.shah425@example.org,244444933851,Bengaluru,H06,2026-01-03 18:11:18
P004354,Sunita Thakur,FEMALE,1984-12-16,6120357673,sunita.thakur72@example.org,752576171718,mumbai,H02,2026-01-03 16:19:00
P004365,Sanjay Gowda,M,24-Apr-1965,+91-9316041679,sanjay.gowda619@example.org,411271508233,Bengaluru,H06,2026-01-03 08:01:33
P003384,Shruti Agarwal,F,1937-08-12,7736219027,shruti.agarwal244@example.org,912178450485,pune,H01,2026-01-03 10:12:33
P000478,Nisha Kapoor,FEMALE,12-Mar-1994,96566-19290,nisha.kapoor387@example.org,894327625814,chandigarh,H06,2026-01-03 11:05:03
P004390,Prakash Kapoor,m,2021-08-31,7557507628,prakash.kapoor428@example.net,480105512304,Bengaluru,H06,2026-01-03 04:21:00
P002876,Shweta Mishra,female,28/11/1954,98712-67301,,707186010902,Chandigarh,H02,2026-01-03 10:38:55
P000834,Pooja Chopra,female,2008-12-04,07827570183,pooja.chopra793@example.com,945012920484,Chennai,H04,2026-01-03 02:55:32
P004381,Mansi Naik,F,04-Jul-1980,7825167252,mansi.naik901.example.com,995045370479,Bengaluru,H06,2026-01-03 10:50:55
P004305,Isha Malhotra,Female,08/08/1960,89712-86612,isha.malhotra421@example.net,556491618990,Pune,H01,2026-01-03 12:20:05
P004329,Shweta Verma,F,26/04/1966,82187-04959,shweta.verma862@example.com,946173586231,PUNE ,H01,2026-01-03 15:12:55
P004235,Sandeep Gupta,Male,2006-05-16,+91 76610 86426,sandeep.gupta504@mail.example.com,368535122106,CHENNAI,H05,2026-01-03 12:07:46
P004361,Swati Joshi,FEMALE,2005-10-13,63597-72656,swati.joshi352@example.org,224361589579,CHANDIGARH,H04,2026-01-03 11:39:19
P004222,Manish Iyer,Male,1975-10-29,+91 98182 30203,manish.iyer582@example.net,408303771766,New Delhi,H03,2026-01-03 20:39:03
P004258,Deepak Agarwal,MALE,02/09/1949,75668-88351,deepak.agarwal469@mail.example.com,654684073955,Madras,H05,2026-01-03 03:03:52
P004355,Kunal Sharma,male,2004-06-22,9029178085,kunal.sharma184@example.org,707178277515,DELHI,H03,2026-01-03 06:42:27
P000823,Tanvi Iyer,F,1982-10-12,+91-9791770031,tanvi.iyer478@example.org,875884452315,Chandigarh ,H04,2026-01-03 09:15:43
P000809,Swati Malhotra,Female,1935-08-04,+91-8734550560,swati.malhotra675@mail.example.com,813288073432,Bengaluru,H02,2026-01-03 05:12:21
P000843,Sandeep Agarwal,O,24/06/2013,66645-83039,sandeep.agarwal485@example.net,955933306243,Chandigarh,H02,2026-01-03 12:18:16
P004243,  Ananya Jain ,F,10/04/2002,9977082049,ananya.jain846@example.org,906870121328,Mumbai,H02,2026-01-03 10:55:48
P004366,Shruti Thakur,Female,1958-04-10,61425-69325,shruti.thakur282@example.com,742342694737,New Delhi,H02,2026-01-03 15:59:08
P000261,Sneha Iyer,F,1997-09-20,+91 84325 55101,sneha.iyer795@example.net,714866011556,chandigarh,H04,2026-01-03 15:43:24
P000406,Prakash Rao,M,1976-09-03,+91 89318 50915,prakash.rao177@example.net,969457198680,MUMBAI ,H03,2026-01-03 02:47:25
P001080,Sanjay Shah,M,24-Apr-2006,6269522006,sanjay.shah400@mail.example.com,299488571020,Chandigarh,H02,2026-01-03 14:47:32
P000916,Vikram Joshi,M,1950-03-28,+91-7537735215,vikram.joshi245@mail.example.com,942139636002,Delhi,H02,2026-01-03 07:23:55
P002759,Nikhil Shah,Male,1969-01-14,08109587653,nikhil.shah181@mail.example.com,653442403814,Bengaluru,H06,2026-01-03 03:32:52
P003432,Tanvi Mehta,F,23/01/1987,715 642 1243,tanvi.mehta621@example.net,906520847667,New Delhi,H06,2026-01-03 12:33:28
P001592,Aarti Iyer,FEMALE,1948-09-09,07371559514,aarti.iyer847@example.org,228300191340,Delhi,H06,2026-01-03 16:16:22
P004203,Radhika Agarwal,Female,1946-07-12,8182023354,radhika.agarwal759@example.com,571216184621,Delhi,H03,2026-01-03 10:30:09
P004364,Kunal Yadav,M,04-Jan-2002,83934-93101,kunal.yadav862@example.net,528597596354,Mumbai,H02,2026-01-03 10:22:10
P004223,Swati Pillai,Female,2011-06-16,61132-51989,swati.pillai896@example.com,546485188938,Delhi,H03,2026-01-03 04:58:35
P004299,Shruti Malhotra,O,11/02/2012,9463239731,shruti.malhotra116@mail.example.com,736737394650,Delhi,H03,2026-01-03 13:11:36
P004239,Siddharth Desai,M,1973-03-07,6885407366,siddharth.desai370@example.net,574475267405,delhi,H03,2026-01-03 20:28:42
P000305,Harsh Singh,male,27-Apr-1952,08649419694,harsh.singh652@example.com,277149924153,pune,H02,2026-01-03 15:54:18
P001149,Tushar Mishra,MALE,1940-07-12,686 228 9725,tushar.mishra876@example.net,726413401944,Bengaluru,H02,2026-01-03 18:46:28
P004395,Shweta Menon,F,25/09/1971,8099098611,shweta.menon409@example.net,690783258330,pune,H01,2026-01-03 07:27:45
P004273,Pooja Deshmukh,Female,14/08/1988,07050862121,pooja.deshmukh153@mail.example.com,592992064474,Pune,H04,2026-01-03 09:57:53
P004346,Aditya Mishra,male,21-Apr-2022,+91-6755916957,aditya.mishra981@example.com,437855381988,Pune,H01,2026-01-03 01:56:24
P004292,Manish Bhatt,M,1994-03-12,+91-9578811388,manish.bhatt666@example.com,934510942112,Delhi,H03,2026-01-03 11:17:36
P004255,Deepak Reddy,male,2022-12-25,+91-6823242894,deepak.reddy959@mail.example.com,422068446555,Pune,H01,2026-01-03 14:07:15
P000812,Anjali Bose,F,1993-04-18,07184116203,anjali.bose732@example.org,775708669261,MUMBAI ,H04,2026-01-03 08:38:54
P000305,Harsh Singh,male,27-Apr-1952,08649419694,harsh.singh652@example.com,277149924153,pune,H02,2026-01-03 15:54:18
P004301,Rahul Singh,m,1983-04-01,647 332 7366,rahul.singh297@example.net,606193357961,Chandigarh,H04,2026-01-03 13:23:37
P001236,Nikhil Deshmukh,O,1943-06-07,8026509854,nikhil.deshmukh606@example.org,441065442499,Pune,H02,2026-01-03 18:48:48
P001941,Vikram Kapoor,M,2002-07-01,7904222953,vikram.kapoor969@example.com,806786950856,Mumbai,H02,2026-01-03 14:28:23
P004327,Nikhil Kulkarni,Male,01/07/1985,6082615529,nikhil.kulkarni428@example.org,893135102124,Mumbai,H02,2026-01-03 21:39:58
P004127,Siddharth Patil,MALE,27/01/1948,7416979624,siddharth.patil344@example.com,380316200250,Chennai,H06,2026-01-03 13:29:19
P004312,Tanvi Mehta,FEMALE,1996-05-27,834 352 0807,tanvi.mehta999@example.org,300887932851,Delhi,H03,2026-01-03 20:47:41
P004269,Manish Verma,MALE,1970-06-15,7011868768,manish.verma33@mail.example.com,684238293902,New Delhi,H04,2026-01-03 13:35:19
P004290,Suresh Iyer,m,1955-10-29,+91 83917 07480,suresh.iyer651@example.com,653033927366,Bangalore,H06,2026-01-03 18:53:11
P004236,Tushar Desai,male,1973-04-21,+91 72150 86483,tushar.desai926@mail.example.com,208973594443,Chandigarh,H04,2026-01-03 13:05:46
P004368,Kavita Agarwal,Female,1987-09-12,+91-9629899438,kavita.agarwal372@example.com,491805242687,Delhi,H06,2026-01-03 04:53:23
P002514,Siddharth Kulkarni,M,1956-06-25,90962-96225,siddharth.kulkarni698@mail.example.com,628659051553,Chennai,H05,2026-01-03 10:04:17
P004284,Siddharth Mishra,M,18/09/2005,+91-9741017680,siddharth mishra849@example.org,719819297297,Chandigarh,H04,2026-01-03 18:41:39
P004272,Pooja Singh,O,07/07/1967,+91-8233456914,pooja.singh476@example.com,554189057478,Mumbai,H02,2026-01-03 13:47:26
P004341,Tushar Chopra,M,22/06/1948,63021-17495,tushar.chopra710@mail.example.com,951984125731,mumbai,H02,2026-01-03 08:23:21
P003353,Prakash Patil,M,2008-07-25,94621-12727,prakash.patil666@example.net,970337034153,chennai,H05,2026-01-03 11:46:59
P001932,Priya Singh,F,1948-05-04,8245641652,priya.singh630@example.net,784991433487,Pune,H02,2026-01-03 10:34:19
P001262,Anil Singh,M,1942-08-08,955 243 5202,anil.singh604@example.org,566253977474,Pune,H01,2026-01-03 01:44:35
P004340,Priya Deshmukh,F,15-May-1945,85393-28658,priya.deshmukh549@example.net,357783556678,Pune,H01,2026-01-03 20:18:55
P000107,Shruti Mishra,female,02/08/1971,+91 62790 60672,shruti.mishra766@example.com,424636747419,Chandigarh,H03,2026-01-03 22:36:26
P000608,Siddharth Verma,m,2004-03-19,+91 70737 57486,siddharth.verma651@example.net,263362294482,CHENNAI,H03,2026-01-03 10:24:00
P004350,Sandeep Jain,M,20/03/1963,+91-6697418844,sandeep jain306@example.net,502514362025,Delhi,H03,2026-01-03 12:03:17
P004122,Priya Shah,F,2004-12-18,60248-70471,priya.shah212@example.com,242690427573,Chandigarh,H03,2026-01-03 13:05:50
P003799,Kavita Iyer,female,1952-03-20,86386-13625,kavita.iyer3@example.org,398147137467,chandigarh,H02,2026-01-03 22:48:32
P001404,Sunita Joshi,female,24-Apr-1949,+91-7935628611,sunita.joshi772@mail.example.com,960575250083,Bangalore,H06,2026-01-03 12:28:48
P001705,Pooja Yadav,female,2001-09-18,07934783631,pooja.yadav929@example.net,559351513250,Delhi,H03,2026-01-03 06:13:39
P004342,Neha Shah,F,06-Jul-1992,81738-54196,neha.shah714@mail.example.com,622726040550,Mumbai,H02,2026-01-03 04:10:16
P004211,Karan Joshi,Male,02/01/1996,+91-6207317493,karan.joshi482@mail.example.com,776013254674,Delhi,H03,2026-01-03 04:13:34
P000332,Rahul Jain,MALE,23-Dec-1938,+91 68198 07487,rahul.jain773@mail.example.com,514871919170,Bengaluru,H03,2026-01-03 06:20:16
P003705,Rohan Bose,Male,1997-05-22,70013-07085,rohan.bose986@mail.example.com,331212710568,CHENNAI,H01,2026-01-03 17:24:56
P004169,Rajesh Mishra,M,1972-11-09,09863536970,rajesh.mishra125@mail.example.com,618133462054,Chennai,H05,2026-01-03 05:42:09
P004208,Pranav Bhatt,M,1993-07-12,+91 81247 09203,pranav.bhatt943@example.net,772269553430,Delhi,H03,2026-01-03 22:42:58
P000838,Anjali Deshmukh,FEMALE,23/11/2000,60901-26996,anjali deshmukh169@example.org,253768434832,Pune,H02,2026-01-03 17:25:06
P002488,Neha Rao,FEMALE,10/09/2002,+91 66788 62894,neha.rao20@example.com,436997039337,Bombay,H03,2026-01-03 18:52:45
P003903,Mansi Rao,F,1949-02-24,7023806432,mansi.rao161@mail.example.com,974839968351,Bengaluru,H05,2026-01-03 03:26:29
P001100,  Meera Desai ,F,2006-01-19,773 366 4325,meera.desai857@example.org,903840534708,Delhi,H02,2026-01-03 15:47:16
P004330,Rajesh Menon,M,1962-05-21,7744564278,rajesh.menon874@mail.example.com,257779431545,Mumbai,H06,2026-01-03 16:56:59
P004357,Nikhil Singh,m,1975-01-30,06185088389,nikhil.singh375@example.org,582719570751,DELHI,H03,2026-01-03 22:37:05
P004326,Varun Mishra,Male,2007-08-27,09746490859,varun.mishra275@example.net,427407981075,Chandigarh ,H06,2026-01-03 04:34:12
P004335,Divya Malhotra,F,1939-12-09,+91 99717 81651,divya.malhotra931@example.org,879570609653,Chennai,H05,2026-01-03 09:49:47
P002710,Varun Naik,Male,1965-04-12,603 397 9196,varun.naik675@example.com,644297152735,Chandigarh,H02,2026-01-03 04:05:35
P004267,Nikhil Bhatt,M,19/03/1947,880 919 5970,,569488837122,Delhi,H03,2026-01-03 08:43:10
P004266,Pranav Shah,M,1994-10-12,+91-9200348888,pranav.shah785@example.net,321095240136,MUMBAI ,H02,2026-01-03 08:38:13
P002823,Radhika Patil,F,20/08/1999,84464-78117,radhika.patil15@example.net,290119904513,Bangalore,H01,2026-01-03 01:53:09
P001224,Aditya Joshi,M,20-Aug-1993,+91-7278416110,aditya.joshi229@example.com,762687118245,Chandigarh,H02,2026-01-03 22:00:02
P004248,Yash Rao,M,1969-07-28,07391246684,yash.rao938@example.com,338820087193,Mumbai,H02,2026-01-03 20:53:17
P003099,Anjali Rao,F,17/02/2005,09437142967,anjali.rao355@mail.example.com,309962620570,Bengaluru,H02,2026-01-03 15:50:44
P004352,Aditya Gowda,male,1986-02-24,7470091690,aditya.gowda886@example.org,392824700907,Bengaluru,H06,2026-01-03 03:33:57
P004323,Aditya Chopra,M,12/07/2013,686 744 2258,aditya.chopra7@example.com,478593461090,Delhi,H02,2026-01-03 16:19:05
P000999,Jyoti Gupta,F,11-Mar-1942,+91-6463054535,jyoti.gupta915@example.org,507172984859,CHENNAI,H02,2026-01-03 04:57:48
P000538,Gaurav Kulkarni,MALE,1975-09-11,+91-8577665203,gaurav.kulkarni201@example.org,208959401773,Pune,H04,2026-01-03 14:10:43
P004214,Pooja Deshmukh,F,1978-09-01,91301-05694,pooja.deshmukh119@example.org,472782377458,MUMBAI ,H02,2026-01-03 02:58:52
P004287,Jyoti Kapoor,F,06/01/1961,+91 63174 63954,jyoti.kapoor86@example.com,417611656961,DELHI,H03,2026-01-03 04:44:41
P001240,Sneha Agarwal,female,1971-11-28,6421076284,sneha.agarwal580@example.com,438907697220,Mumbai,H04,2026-01-03 21:14:01
P004234,Anil Sharma,M,1998-09-26,+91-957382468,anil.sharma603@example.net,591103368362,BANGALORE ,H06,2026-01-03 15:32:10
P004387,Gaurav Pandey,MALE,1986-04-22,+91-6537613807,gaurav.pandey21@example.com,553182501179,Madras,H05,2026-01-03 13:53:50
P004398,Yash Sharma,M,1971-05-02,+91 68031 5726,yash.sharma356@mail.example.com,293076155728,Delhi,H03,2026-01-03 18:40:40
P002340,Swati Patil,Female,1977-12-15,08009323733,swati.patil155@mail.example.com,229169638305,Bengaluru,H06,2026-01-03 07:27:35
P004058,Anjali Mishra,f,2007-11-09,+91-9599901422,anjali.mishra520@example.com,313029991656,Delhi,H06,2026-01-03 01:53:10
P004207,Tanvi Naik,F,23/12/1980,08237590028,tanvi.naik208@mail.example.com,870008118377,CHENNAI,H05,2026-01-03 14:55:27
P004298,Sneha Yadav,other,15-Aug-2000,622 420 0255,sneha.yadav905@mail.example.com,786081809153,bengaluru,H05,2026-01-03 20:10:43
P004386,Tushar Rao,MALE,1956-06-16,82009-87666,tushar.rao224@example.com,433997465096,Delhi,H03,2026-01-03 15:22:10
P004289,Pallavi Malhotra,F,2004-02-23,+91 93769 59749,pallavi.malhotra849@example.org,438662309944,DELHI,H03,2026-01-03 06:07:26
P004249,Siddharth Agarwal,M,1970-05-14,7246041571,siddharth.agarwal383@example.org,490163352280,Mumbai,H02,2026-01-03 13:54:18
P003401,Siddharth Joshi,,2015-05-02,9957568513,siddharth.joshi350@mail.example.com,594507610038,Pune,H02,2026-01-03 13:58:25
P000573,Ritu Pillai,F,1944-10-09,+91-6944728456,ritu.pillai607@example.com,525436430999, Pune,H04,2026-01-03 20:40:09
P001445,Amit Kapoor,M,1963-04-30,+91-7979860816,amit.kapoor252@mail.example.com,960098109555,DELHI,H05,2026-01-03 12:23:00
P004328,Deepak Bhatt,M,21-Nov-2006,09259981466,deepak.bhatt579@mail.example.com,585652908546,BANGALORE ,H06,2026-01-03 20:42:52
P000656,Pallavi Kulkarni,F,2020-10-28,+91 94664 34393,pallavi.kulkarni979@mail.example.com,501453619870,DELHI,H03,2026-01-03 14:56:33
P003918,Rahul Jain,M,1963-10-21,78319-30668,rahul.jain670@example.org,576783107830,Bengaluru,H02,2026-01-03 21:03:32
P004201,Prakash Iyer,M,1998-09-27,96646-91151,prakash.iyer419@example.net,491765075192,Chandigarh,H02,2026-01-03 05:35:37
P004274,Ritu Thakur,f,1959-08-28,06969787751,ritu.thakur654@example.net,412457047828,BANGALORE ,H06,2026-01-03 14:32:00
P004206,Vikram Sharma,m,1940-10-08,998 480 4094,vikram.sharma951@example.com,577531751304,New Delhi,H03,2026-01-03 03:34:19
P000406,Prakash Rao,M,1976-09-03,+91 89318 50915,prakash.rao177@example.net,969457198680,MUMBAI ,H03,2026-01-03 02:47:25
P004338,Amit Sharma,M,29/07/2012,75708-51504,amit.sharma128@example.org,208521700195,Mumbai,H02,2026-01-03 05:48:10
P001216,Swati Naik,F,02-Feb-2003,+91-8028735091,swati naik163@example.net,879089296703,Mumbai,H02,2026-01-03 21:44:41
P004282,Pallavi Bose,O,2010-03-22,86156-79220,pallavi bose95@example.net,204338851578,Mumbai,H02,2026-01-03 07:03:54
P004296,Sandeep Deshmukh,M,06/05/2023,9415789091,sandeep.deshmukh414@mail.example.com,480430792476,chennai,H05,2026-01-03 08:50:31
P000840,Manish Mishra,M,15/06/2009,7061072371,manish.mishra888@,406102852446,Mumbai,H01,2026-01-03 18:25:22
P004294,  Kavita Mishra ,F,15/07/1983,649 864 9442,kavita.mishra892@example.org,684940881009,Bengaluru,H02,2026-01-03 17:31:32
P000872,Kavita Thakur,F,1963-03-02,+91 60489 47669,kavita.thakur881@example.net,819341867974,Chandigarh ,H04,2026-01-03 10:12:39
P003336,Pooja Shah,F,17-Jan-2023,74852-42948,pooja.shah375@example.net,409824922397,Delhi,H03,2026-01-03 08:32:05
P003432,Tanvi Mehta,F,23/01/1987,715 642 1243,tanvi.mehta621@example.net,906520847667,New Delhi,H06,2026-01-03 12:33:28
P000482,Nikhil Mishra,M,1949-09-01,+91 75737 38559,nikhil.mishra434@example.org,321096572420,Pune,H02,2026-01-03 20:31:07
P004169,Rajesh Mishra,MALE,1972-11-09,+91 77123 32414,rajesh.mishra125.mail.example.com,618133462054,Chandigarh,H05,2026-01-03 20:14:11
P000826,Swati Kulkarni,,1945-10-17,+91 88576 41513,swati.kulkarni443@example.net,269669632733,Delhi,H06,2026-01-03 06:31:48
P004344,Rahul Jain,M,1965-05-10,+91-6255880467,rahul.jain441@example.org,374308686997, Pune,H02,2026-01-03 17:48:28
P004240,Radhika Sharma,FEMALE,2016-03-29,06922175689,radhika.sharma691@example.org,262414525619,Pune,H01,2026-01-03 06:06:59
P002724,Harsh Yadav,M,1972-09-30,+91 66228 23609,harsh.yadav422@example.org,926624032857,Bengaluru,H06,2026-01-03 04:30:07
P004339,Nikhil Joshi,m,1970-12-14,86056-36726,nikhil.joshi654@mail.example.com,820016755176,Pune,H01,2026-01-03 08:58:16
P004327,Nikhil Kulkarni,Male,01/07/1985,6082615529,nikhil.kulkarni428@example.org,893135102124,Mumbai,H02,2026-01-03 21:39:58
P004230,Neha Rao,F,1974-07-22,+91-9938511030,neha.rao969@mail.example.com,525503845483,Bangalore,H01,2026-01-03 16:35:26
P001020,Priya Menon,FEMALE,05/09/2022,97096-52631,priya.menon963.mail.example.com,711669826161,Pune,H04,2026-01-03 11:17:01
P003575,Isha Bose,F,1991-02-09,9161367769,isha.bose927@example.org,482764919105,Bengaluru,H03,2026-01-03 16:12:59
P004229,Kavita Mehta,F,2013-11-28,825 243 104,kavita.mehta106@example.org,334176332588,Bengaluru,H02,2026-01-03 14:37:16
P004221,Suresh Pandey,male,2003-10-14,+91 61390 65393,suresh.pandey328@example.com,862804490779,MUMBAI ,H02,2026-01-03 19:28:57
P004314,Swati Gupta,F,1966-01-25,94510-21136,swati.gupta415@example.net,297579062633,Pune,H01,2026-01-03 19:01:19
P003918,Rahul Jain,M,1963-10-21,78319-30668,rahul.jain670@example.org,576783107830,Bengaluru,H02,2026-01-03 21:03:32
P002420,Sanjay Deshmukh,male,17-Jul-1993,+91-7410930242,sanjay.deshmukh645@example.com,281724378258,Chandigarh,H06,2026-01-03 22:54:47
P004367,Deepak Rao,M,01/08/1951,+91-9483368265,deepak.rao123@example.com,457864215991,Delhi,H03,2026-01-03 16:22:38
P000332,Rahul Jain,M,1938-12-23,992 612 7371,rahul.jain773@mail.example.com,514871919170,Bengaluru,H03,2026-01-03 15:43:28
P004375,Shruti Naik,female,13-Dec-1945,+91 90416 67219,shruti.naik914@example.org,812209086357,Mumbai,H02,2026-01-03 10:08:28
P004266,Pranav Shah,M,1994-10-12,+91-9200348888,pranav.shah785@example.net,321095240136,MUMBAI ,H02,2026-01-03 08:38:13
P002690,Shweta Mehta,female,1991-09-04,737 450 8737,shweta.mehta683.example.org,956427391922,Bengaluru,H03,2026-01-03 11:03:17
P004252,Rajesh Verma,MALE,10-Apr-1987,95363-17146,rajesh.verma979@mail.example.com,536679279432,Mumbai,H02,2026-01-03 08:28:17
P004232,Divya Pillai,F,24-Nov-2010,8247887620,divya.pillai830@example.net,394845578455,Pune,H01,2026-01-03 20:50:12
P003980,Pooja Rao,F,2003-11-12,07443710442,pooja.rao819@example.org,492415616367,Chandigarh,H04,2026-01-03 04:28:28
P004253,Rekha Gowda,F,25/05/2021,+91-968214325,rekha.gowda288@example.net,444309283290,Bengaluru,H06,2026-01-03 15:15:21
P004393,Rahul Rao,male,22/03/1990,+91-7341617992,rahul.rao745@example.org,717171775171, Pune,H01,2026-01-03 21:48:13
P004333,Tushar Pillai,M,1943-12-20,0909565093,tushar.pillai723@mail.example.com,864017484927,Chennai,H05,2026-01-03 16:54:55
P001255,Rekha Yadav,F,1951-05-31,729 988 0739,rekha.yadav948@example.org,342680761052,Chandigarh,H01,2026-01-03 02:43:34
P004307,Rahul Menon,M,1999-12-20,786 007 8433,rahul.menon825@example.org,721021872758,Chennai,H05,2026-01-03 20:15:39
P003384,Shruti Agarwal,FEMALE,12/08/1937,07023686248,shruti.agarwal244@example.org,912178450485,Pune,H01,2026-01-03 20:01:57
P004353,Manish Nair,M,12/02/2001,06309287046,manish.nair730@example.net,572226411934,Chandigarh ,H04,2026-01-03 01:25:23
P004359,Pooja Jain,F,1962-09-08,+91-7921865405,pooja.jain683@example.net,907585164554,Pune,H01,2026-01-03 16:51:45
P001535,Prakash Mishra,M,27/06/1962,788 934 9447,prakash.mishra136@example.org,206450945865,chennai,H06,2026-01-03 13:16:34
P002216,Aarti Kapoor,Female,31/10/1984,9649223182,aarti.kapoor568@mail.example.com,496257398058,Delhi,H03,2026-01-03 14:17:25
P004303,Anil Sharma,M,1968-12-22,+91 98209 06466,anil.sharma368@example.org,483862267081,bengaluru,H06,2026-01-03 03:12:36
P000235,Harsh Pillai,Male,26/10/1969,95933-73718,harsh.pillai930@example.org,997283961253,Pune,H03,2026-01-03 10:30:15
P004373,Kunal Shah,MALE,1950-12-18,6148563058,,360339534995,Chennai,H05,2026-01-03 19:28:58
P004280,Deepak Malhotra,male,09-Aug-2014,8595567546,deepak.malhotra381@example.com,723903953369,Pune,H01,2026-01-03 08:27:45
P003812,Arjun Bose,M,25/07/1988,09630972080,arjun.bose248@example.com,358896834101,Chandigarh,H03,2026-01-03 15:43:51
P002668,Deepak Thakur,male,1980-09-25,99172-19467,deepak.thakur517@example.org,831002210013, Pune,H02,2026-01-03 19:18:24
P003760,Komal Chopra,other,28-Aug-1943,64344-52107,komal.chopra548.example.net,859834410101,Delhi,H04,2026-01-03 17:14:48
P003737,Shruti Menon,F,1935-06-04,7877370645,,796123390873,Chennai,H05,2026-01-03 02:32:52
P000834,Pooja Chopra,female,2008-12-04,07827570183,pooja.chopra793@example.com,945012920484,Chennai,H04,2026-01-03 02:55:32
P004252,Rajesh Verma,MALE,10-Apr-1987,95363-17146,rajesh.verma979@mail.example.com,536679279432,Mumbai,H02,2026-01-03 08:28:17
P004257,Siddharth Bhatt,M,17/04/1997,08437283306,siddharth.bhatt731@example.net,452037477937,Delhi,H03,2026-01-03 01:07:36
P004288,Pooja Chopra,,2009-01-03,07577761147,pooja.chopra143@mail.example.com,307435754302,Delhi,H03,2026-01-03 13:41:18
P004311,Divya Rao,f,1982-03-31,+91 69043 02568,divya.rao368@example.net,212559899969,Chennai,H05,2026-01-03 13:43:44
P003760,Komal Chopra,other,28-Aug-1943,64344-52107,komal.chopra548.example.net,859834410101,Delhi,H04,2026-01-03 17:14:48
P004298,Sneha Yadav,other,15-Aug-2000,622 420 0255,sneha.yadav905@mail.example.com,786081809153,bengaluru,H05,2026-01-03 20:10:43
P004362,Arjun Yadav,M,2022-10-25,+91-6175907414,arjun.yadav168@example.com,779799054861,Pune,H01,2026-01-03 22:06:29
P004343,Divya Yadav,F,2017-02-11,69888-68000,divya.yadav230@example.org,606678627899,Delhi,H03,2026-01-03 06:17:44
P003832,Pallavi Gowda,F,1965-06-14,62723-24319,pallavi.gowda819@mail.example.com,524597425782,Bangalore,H06,2026-01-03 19:32:00
P000634,Amit Menon,Male,12/11/1957,6256032562,amit.menon402@example.com,907142018874,Delhi,H03,2026-01-03 04:09:21
P004204,Amit Gupta,Male,1972-12-01,68068-55664,amit.gupta78@example.net,958096678029,Mumbai,H02,2026-01-03 20:09:11
P004311,Divya Rao,f,1982-03-31,+91 69043 02568,divya.rao368@example.net,212559899969,Chennai,H05,2026-01-03 13:43:44
P000631,Anil Thakur,m,2025-05-23,+91-9594119204,anil.thakur679@mail.example.com,236470268418,Bengaluru,H06,2026-01-03 01:35:11
P004279,Radhika Reddy,female,2013-10-22,88688-94767,radhika.reddy385@example.com,672897656055,Bengaluru,H06,2026-01-03 18:28:39
P000375,Yash Pillai,m,03-Apr-2005,+91-8573947696,yash.pillai160@example.net,424487294668,New Delhi,H03,2026-01-03 20:38:23
P004314,Swati Gupta,F,1966-01-25,94510-21136,swati.gupta415@example.net,297579062633,Pune,H01,2026-01-03 19:01:19
P003852,Rohan Gupta,m,21/10/1943,07814140987,rohan.gupta142@mail.example.com,298697855309,Chandigarh,H06,2026-01-03 18:18:31
P004270,Sanjay Nair,M,1942-09-13,691 440 8658,sanjay.nair589@mail.example.com,965176962902,New Delhi,H05,2026-01-03 03:44:51
P003968,Radhika Mehta,F,1987-06-25,724 401 5259,radhika.mehta956@example.com,666400074458,Delhi,H03,2026-01-03 04:22:44
P000643,Swati Kapoor,F,1999-04-18,64150-61723,swati.kapoor224@example.net,490529095339,Pune,H06,2026-01-03 13:13:51
P001519,Kunal Gupta,M,14-Dec-2007,713 552 9931,kunal.gupta697@mail.example.com,946060161642,Chennai,H05,2026-01-03 14:44:48
P000809,Swati Malhotra,Female,1935-08-04,+91-8734550560,swati.malhotra675@mail.example.com,813288073432,Bengaluru,H02,2026-01-03 05:12:21
P003353,Prakash Patil,M,2008-07-25,94621-12727,prakash.patil666@example.net,970337034153,chennai,H05,2026-01-03 11:46:59
P004363,Varun Reddy,M,1980-10-08,9763913402,varun.reddy8@example.net,263652056815,Mumbai,H06,2026-01-03 15:23:47
P000732,Tushar Agarwal,M,1937-12-12,6185010156,tushar.agarwal268@example.net,934866894365,Pune,H01,2026-01-03 17:00:01
P004269,Manish Verma,MALE,1970-06-15,7011868768,manish.verma33@mail.example.com,684238293902,New Delhi,H04,2026-01-03 13:35:19
P003623,Bhavna Reddy,F,1987-01-16,76625-39002,bhavna.reddy336@example.net,663526734030,Chandigarh,H04,2026-01-03 03:31:08
P004169,Rajesh Mishra,MALE,1972-11-09,+91 77123 32414,rajesh.mishra125.mail.example.com,618133462054,Chandigarh,H05,2026-01-03 20:14:11
P004236,Tushar Desai,male,1973-04-21,+91 72150 86483,tushar.desai926@mail.example.com,208973594443,Chandigarh,H04,2026-01-03 13:05:46
P004122,Priya Shah,F,2004-12-18,60248-70471,priya.shah212@example.com,242690427573,Chandigarh,H03,2026-01-03 13:05:50
P004276,Pranav Gowda,M,1996-03-31,0869920514,pranav.gowda388@example.com,457990208493,PUNE ,H01,2026-01-03 05:51:57
P004371,Kavita Naik,F,24/05/1958,+91 99469 99675,kavita.naik613@example.com,567269972083,Chandigarh,H04,2026-01-03 09:33:58
P004330,Rajesh Menon,M,1962-05-21,7744564278,rajesh.menon874@mail.example.com,257779431545,Mumbai,H06,2026-01-03 16:56:59
P002057,Rahul Rao,M,1983-09-22,701105889,rahul.rao87@example.com,899512931405,Chennai,H05,2026-01-03 09:31:41
P003395,Ananya Jain,f,1964-03-02,72490-53632,ananya.jain423@example.org,963340315924,Pune,H01,2026-01-03 10:59:37
P004324,Komal Mehta,FEMALE,1946-06-27,+91-9147654715,komal.mehta576@example.org,770091141167,delhi,H03,2026-01-03 02:30:12
P004020,  Neha Iyer ,Female,07/06/1959,+91 98444 42840,neha.iyer243@mail.example.com,834590803724,bengaluru,H06,2026-01-03 16:24:50
P004363,Varun Reddy,M,1980-10-08,9763913402,varun.reddy8@example.net,263652056815,Mumbai,H06,2026-01-03 15:23:47
P004219,Rahul Deshmukh,male,27/08/1970,6278968822,rahul.deshmukh947@example.org,531506033237,mumbai,H02,2026-01-03 18:06:24
P002521,Tanvi Bose,F,1979-05-22,6192493981,tanvi.bose339@example.org,419548384513,Delhi,H03,2026-01-03 06:05:07
P001976,  Ritu Bose ,F,1992-03-08,7879539719,ritu.bose879@example.net,834995176535,Mumbai,H02,2026-01-03 09:04:21
P002748,Rajesh Jain,MALE,2002-04-16,9630618480,rajesh.jain899@mail.example.com,562935440803,Pune,H06,2026-01-03 04:11:11
P001240,Sneha Agarwal,female,1971-11-28,6421076284,sneha.agarwal580@example.com,438907697220,Mumbai,H04,2026-01-03 21:14:01
P000782,Ananya Sharma,FEMALE,27-Feb-1988,+91 63233 25569,ananya.sharma960@example.org,754675778238,bengaluru,H03,2026-01-03 16:40:15
P004310,Neha Jain,F,2007-09-26,7754692944,neha.jain225@example.net,285796313496,MUMBAI ,H02,2026-01-03 18:46:37
P004339,Nikhil Joshi,m,1970-12-14,86056-36726,nikhil.joshi654@mail.example.com,820016755176,Pune,H01,2026-01-03 08:58:16
P002911,Shruti Nair,F,2011-04-07,9625016951,shruti.nair104@example.org,909684147528,Mumbai,H06,2026-01-03 10:08:54
P004217,Nikhil Shah,MALE,1989-10-29,+91 76950 08018,nikhil.shah975@mail.example.com,739062061732,Mumbai,H02,2026-01-03 02:53:52
P002501,Harsh Pandey,M,1975-06-19,6711208966,harsh.pandey645@mail.example.com,616465281459,Pune,H02,2026-01-03 22:49:23
P002062,Mansi Pandey,F,26/07/1993,+91-8959697330,mansi.pandey344@example.org,356670268606,Delhi,H01,2026-01-03 12:03:46
P000538,Gaurav Kulkarni,MALE,1975-09-11,+91-8577665203,gaurav.kulkarni201@example.org,208959401773,Pune,H04,2026-01-03 14:10:43
P004215,Vikram Pillai,m,2022-03-10,9998988366,vikram pillai226@mail.example.com,201422641619,BANGALORE ,H06,2026-01-03 03:52:08
P003785,Neha Pillai,female,03/04/1963,8039167532,neha.pillai481@example.com,330128484504,Bengaluru,H05,2026-01-03 19:32:45
P004325,Rajesh Pandey,Male,1955-06-23,+91 96542 06634,rajesh.pandey450@example.org,606437204447,Pune,H01,2026-01-03 04:49:22
P004372,Nikhil Malhotra,M,2003-12-25,87068-99871,nikhil.malhotra349@mail.example.com,772065665427,mumbai,H02,2026-01-03 15:54:15
P004341,Tushar Chopra,M,22/06/1948,63021-17495,tushar.chopra710@mail.example.com,951984125731,mumbai,H02,2026-01-03 08:23:21
P004366,Shruti Thakur,Female,1958-04-10,61425-69325,shruti.thakur282@example.com,742342694737,New Delhi,H02,2026-01-03 15:59:08
P003872,Aarti Yadav,Female,1961-07-29,+91 70650 51763,aarti.yadav930@mail.example.com,391568808834,chennai,H05,2026-01-03 11:52:41
P004291,Divya Patil,F,31/01/1976,08187547722,divya.patil476@mail.example.com,432342620517,Chennai,H05,2026-01-03 19:30:46
P000427,Varun Pandey,M,18/12/2018,6938027903,varun.pandey693@mail.example.com,970054372444,Chandigarh,H02,2026-01-03 01:37:47
P000216,Mansi Shah,F,08/08/1980,+91 97430 01157,mansi.shah623@example.org,483124909992,Mumbai,H04,2026-01-03 01:22:56
P004381,Mansi Naik,F,04-Jul-1980,7825167252,mansi.naik901.example.com,995045370479,Bengaluru,H06,2026-01-03 10:50:55
P000023,Anil Menon,M,07/08/1980,85386-73422,anil.menon475@example.net,910200388807,Pune,H01,2026-01-03 19:35:07
P000800,Mohit Chopra,M,1993-01-30,61605-45477,mohit.chopra241@example.com,518157265419,chennai,H03,2026-01-03 05:00:02
P001197,Jyoti Joshi,Female,05/10/1965,+91 63783 98166,jyoti.joshi164@example.com,487780314477,Chandigarh,H03,2026-01-03 13:56:49
P002885,Tushar Joshi,m,01/04/1937,871 743 7223,tushar.joshi396@mail.example.com,484260658688,Mumbai,H02,2026-01-03 04:55:05
P004334,Kunal Naik,M,1998-06-18,6809594195,kunal.naik718@example.org,859394764501,Pune,H01,2026-01-03 03:21:13
P004231,Kavita Verma,F,2005-11-04,06978890416,kavita.verma559@example.org,991519086341,Bengaluru,H06,2026-01-03 13:20:32
P004237,Shweta Gowda,F,2025-04-07,8329381140,shweta.gowda813@example.org,737608605434,MUMBAI ,H06,2026-01-03 12:21:18
P002826,Radhika Thakur,Female,1990-07-16,09397076278,radhika thakur460@example.com,860699804882,mumbai,H01,2026-01-03 05:45:28
P004300,Rekha Bhatt,F,2005-05-25,7373006683,rekha.bhatt213@example.net,893202178891,Pune,H01,2026-01-03 12:31:04
P004278,Meera Naik,F,06/02/1975,623 428 3548,meera.naik705@example.org,650761860248,Mumbai,H02,2026-01-03 09:45:32
P001993,Rajesh Thakur,Male,18/10/2005,+91-8652784295,rajesh.thakur375@example.org,759388014700,delhi,H03,2026-01-03 18:15:36
P002949,Komal Kapoor,FEMALE,1973-10-28,687689182,komal.kapoor562@example.net,346339991699,Delhi,H06,2026-01-03 22:46:32
P002372,Arjun Rao,m,1992-01-08,07216286297,arjun.rao727@example.org,933575688037,Delhi,H03,2026-01-03 19:08:14
P002527,Sneha Nair,F,1979-10-24,6564081880,sneha.nair581@example.org,717813402541,Chennai,H04,2026-01-03 10:47:13
P004023,Varun Kapoor,M,18/03/2001,83437-20082,varun.kapoor588@example.com,940905931589,chandigarh,H01,2026-01-03 12:45:17
P002340,Swati Patil,Female,1977-12-15,08009323733,swati.patil155@mail.example.com,229169638305,Bengaluru,H06,2026-01-03 07:27:35
P000999,Jyoti Gupta,F,11/03/1942,9535566964,jyoti.gupta915@example.org,507172984859,Chandigarh,H02,2026-01-03 13:00:58
P004285,Mansi Chopra,f,1971-06-18,7832014385,mansi.chopra979@example.net,323456088992,Pune,H01,2026-01-03 16:36:19
P004202,Shruti Desai,,1999-05-18,09488446507,shruti.desai741@,596710543396,delhi,H03,2026-01-03 08:12:39
P004306,Meera Thakur,F,06-May-1998,6889519391,meera.thakur480@example.com,598677022633,Chennai,H05,2026-01-03 10:56:01
P003627,Sandeep Sharma,M,2004-06-11,73167-51647,sandeep.sharma681@example.com,989726475366,Chennai,H05,2026-01-03 20:06:11
P004263,Komal Kapoor,F,1978-01-10,62977-53120,komal.kapoor188@mail.example.com,780772601016,mumbai,H02,2026-01-03 21:16:17
P004389,Pranav Agarwal,male,1952-04-16,812642603,pranav.agarwal448@example.net,818365345476,mumbai,H02,2026-01-03 17:07:05
P004210,Divya Verma,F,14/08/2000,893 099 4112,divya.verma384@example.net,958293745415,Pune,H01,2026-01-03 11:28:43
P002724,Harsh Yadav,M,1972-09-30,+91 66228 23609,harsh.yadav422@example.org,926624032857,Bengaluru,H06,2026-01-03 04:30:07
P001217,Nisha Verma,f,2025-08-26,643 861 3556,nisha.verma778@example.net,493575142563,Delhi,H03,2026-01-03 13:08:34
P000608,Siddharth Verma,m,2004-03-19,+91 70737 57486,siddharth.verma651@example.net,263362294482,CHENNAI,H03,2026-01-03 10:24:00
P004224,Deepak Mishra,M,15/01/1965,+91-6542576567,deepak.mishra799@example.com,502282603080,Delhi,H03,2026-01-03 03:59:59
P001866,Manish Chopra,M,1958-09-21,60972-48146,manish.chopra271@mail.example.com,502723706746, Pune,H01,2026-01-03 19:22:57
P002514,Siddharth Kulkarni,M,1956-06-25,90962-96225,siddharth.kulkarni698@mail.example.com,628659051553,Chennai,H05,2026-01-03 10:04:17
P004283,Neha Rao,F,12/11/1966,07171173544,,594155250121,Bombay,H02,2026-01-03 01:21:30
P004203,Radhika Agarwal,Female,1946-07-12,8182023354,radhika.agarwal759@example.com,571216184621,Delhi,H03,2026-01-03 10:30:09
P003760,Komal Chopra,Other,28/08/1943,7628466676,komal.chopra548@example.net,859834410101,CHANDIGARH,H04,2026-01-03 08:57:43
P001352,Meera Shah,F,1991-02-13,89018-14250,meera.shah720@mail.example.com,259883175061,Bengaluru,H05,2026-01-03 08:30:20
P004221,Suresh Pandey,male,2003-10-14,+91 61390 65393,suresh.pandey328@example.com,862804490779,MUMBAI ,H02,2026-01-03 19:28:57
P000617,Deepak Mishra,male,1974-05-29,8650928910,deepak.mishra794@mail.example.com,554169351237,Bengaluru,H06,2026-01-03 08:50:57
P004248,Yash Rao,M,1969-07-28,07391246684,yash.rao938@example.com,338820087193,Mumbai,H02,2026-01-03 20:53:17
P000984,Bhavna Shah,F,1999-10-16,08462710041,bhavna.shah151@example.org,327701135950,Mumbai,H02,2026-01-03 13:46:23
P004226,Anjali Deshmukh,F,1963-12-24,9136526682,,672514779789,New Delhi,H03,2026-01-03 20:57:34
P001036,Ritu Thakur,female,05/05/1988,+91 88057 34960,ritu.thakur626@example.com,547103689739,Bengaluru,H01,2026-01-03 16:12:34
P000157,Nisha Kulkarni,O,1957-04-18,744 235 9721,nisha.kulkarni298@example.org,880431898605,Chandigarh,H05,2026-01-03 16:55:44
P001997,Vikram Mehta,,04/02/1979,+91-9796097235,vikram.mehta907@example.net,401373407453,Chennai,H04,2026-01-03 02:16:51
P004246,Aarti Naik,F,20-Apr-2001,+91 93972 16160,aarti.naik352@example.net,807172912127,Mumbai,H02,2026-01-03 20:49:52
P004383,Sanjay Singh,Male,1962-03-10,+91 83672 12763,,881110109301,Bengaluru,H06,2026-01-03 15:01:38
P004264,Yash Gowda,male,04/11/1946,+91-8266134000,yash.gowda494@example.org,516072757060,CHANDIGARH,H04,2026-01-03 22:39:07
P004400,Varun Gupta,male,14-Feb-1990,95619-01092,varun.gupta19@example.com,453285879659,CHENNAI,H05,2026-01-03 20:36:03
P004241,Priya Rao,FEMALE,2019-10-05,9277393850,priya.rao166@example.com,977033300873,Chandigarh,H05,2026-01-03 11:11:48
P004332,Jyoti Mehta,Female,19/12/1990,90221-07452,jyoti.mehta860@example.org,844939883549,CHENNAI,H05,2026-01-03 15:08:56
P002095,  Sneha Malhotra ,F,1986-10-11,962 965 4201,sneha.malhotra605@example.org,652421352346,pune,H05,2026-01-03 07:08:25
P004209,Varun Gowda,M,1985-01-31,8765322021,varun.gowda173@,619879762913, Pune,H01,2026-01-03 15:36:16
P004369,Harsh Deshmukh,m,1980-09-04,6178410971,harsh.deshmukh651@example.net,722416898285,Chennai,H05,2026-01-03 21:47:07
P004396,Neha Reddy,f,30-Nov-1990,+91-9936070399,neha.reddy176@example.net,486265790248,Delhi,H03,2026-01-03 15:27:58
P004351,Mansi Deshmukh,F,27-Aug-1949,75717-53164,mansi.deshmukh788@example.com,870556340886,Chandigarh,H04,2026-01-03 01:52:53
P004310,Neha Jain,F,2007-09-26,7754692944,neha.jain225@example.net,285796313496,MUMBAI ,H02,2026-01-03 18:46:37
P001535,Prakash Mishra,M,27/06/1962,788 934 9447,prakash.mishra136@example.org,206450945865,chennai,H06,2026-01-03 13:16:34
P003925,Bhavna Bhatt,F,24/01/1970,850551803,bhavna.bhatt214@mail.example.com,554011554771,Pune,H03,2026-01-03 09:15:43
P004268,Divya Jain,,21/08/1969,788 486 6517,divya.jain2@example.org,620159759854,Pune,H01,2026-01-03 14:59:16
P004357,Nikhil Singh,m,1975-01-30,06185088389,nikhil.singh375@example.org,582719570751,DELHI,H03,2026-01-03 22:37:05
P001036,Ritu Thakur,Female,1988-05-05,97573-41840,ritu.thakur652@example.org,547103689739,Bengaluru,H01,2026-01-03 03:25:36
P000838,Anjali Deshmukh,FEMALE,23/11/2000,60901-26996,anjali deshmukh169@example.org,253768434832,Pune,H02,2026-01-03 17:25:06
P001445,Amit Kapoor,M,1963-04-30,+91-7979860816,amit.kapoor252@mail.example.com,960098109555,DELHI,H05,2026-01-03 12:23:00
P004238,Nisha Joshi,FEMALE,03/04/1994,09837971230,nisha.joshi585.example.com,937396077388,Bangalore,H03,2026-01-03 11:32:40
P004382,Sunita Thakur,female,2005-04-13,83548-88429,,518585867732,PUNE ,H01,2026-01-03 14:19:47
